run_set,condition,lr,warmup_ep,epochs,device,round,remain_pct,variant,acc,prec,rec,f1,auc,lam0,lam100,eta100,S100,spike,diverged_nan,R02,trained
2ep_cpu,low,0.01,0.0,2,cpu,0,100.0,ticket,0.7755,0.7679543715889325,0.7755,0.7693999100341655,0.9703478000000001,0.8445500731468201,106.42742156982422,0.01,0.2800721620258532,1.0,False,0.7594391495601173,True
2ep_cpu,low,0.01,0.0,2,cpu,1,40.00027490653178,ticket,0.8061,0.8013361942380841,0.8061,0.8004308933939435,0.9770770777777779,0.9986202716827393,44.31483840942383,0.01,0.11661799581427323,1.0998833651144588,False,0.4332435992897646,True
2ep_cpu,low,0.01,0.0,2,cpu,1,40.00027490653178,reinit,0.7257,0.7214670380746293,0.7257,0.7222441978206869,0.9589997055555555,0.1753457635641098,0.3215970993041992,0.01,0.0008463081560636822,1.0003936808237885,False,,True
2ep_cpu,low,0.01,0.0,2,cpu,2,16.000476504655083,ticket,0.8255,0.8221017103990412,0.8254999999999999,0.8216672120954522,0.979939977777778,0.7486882209777832,47.294151306152344,0.01,0.12445829291092722,1.0044866102873298,False,0.3024921226009739,True
2ep_cpu,low,0.01,0.0,2,cpu,2,16.000476504655083,reinit,0.1,0.01,0.1,0.01818181818181818,0.8494021388888889,0.12090910971164703,0.11796888709068298,0.01,0.0003104444397123237,1.0039126874480055,False,,False
2ep_cpu,low,0.01,0.0,2,cpu,3,6.400282237372627,ticket,0.8235,0.8209895130986574,0.8234999999999999,0.8204343209844502,0.9799797333333334,0.39703482389450073,45.26129913330078,0.01,0.1191086819297389,1.0,False,0.3946236559139785,True
2ep_cpu,low,0.01,0.0,2,cpu,3,6.400282237372627,reinit,0.1,0.01,0.1,0.01818181818181818,0.7712868777777777,0.11012221872806549,0.1127936840057373,0.01,0.0002968254842256245,1.0006129910260761,False,,False
2ep_cpu,low,0.01,0.0,2,cpu,4,2.560296165970237,ticket,0.8055,0.8020895522267336,0.8055,0.802214541231761,0.9760877222222222,0.21516412496566772,109.31502532958984,0.01,0.2876711192883944,1.0026391724876855,False,0.24932735426008967,True
2ep_cpu,low,0.01,0.0,2,cpu,4,2.560296165970237,reinit,0.1,0.01,0.1,0.01818181818181818,0.4892064055555555,0.11929330974817276,0.11208190768957138,0.01,0.00029495238865676684,1.0028808499594768,False,,False
2ep_cpu,low,0.01,0.0,2,cpu,5,1.0244850084304669,ticket,0.7625,0.7624884141974319,0.7625000000000001,0.7619686732078702,0.9680374555555555,0.19936634600162506,7.543850898742676,0.01,0.019852239207217567,1.0,False,0.18018018018018017,True
2ep_cpu,low,0.01,0.0,2,cpu,5,1.0244850084304669,reinit,0.1,0.01,0.1,0.01818181818181818,0.6710840888888889,0.10935119539499283,0.1048959419131279,0.01,0.0002760419524029682,1.001977513847251,False,,False
2ep_cpu,high,0.05,0.0,2,cpu,0,100.0,ticket,0.8366,0.8354696447812181,0.8366,0.8341594242891007,0.9837385333333334,0.8445500731468201,22.862289428710938,0.05,0.3008195977461966,1.3740465006400544,False,0.4074184384164223,True
2ep_cpu,high,0.05,0.0,2,cpu,1,40.00027490653178,ticket,0.8378,0.835436787757185,0.8378,0.8347264640991681,0.9829953,0.5378949046134949,11.45191478729248,0.05,0.15068308930648003,1.4786242706009982,False,0.19612784969641425,True
2ep_cpu,high,0.05,0.0,2,cpu,1,40.00027490653178,reinit,0.7943,0.7910633896654109,0.7943,0.7918488845310985,0.9747803555555556,0.2478029876947403,19.04149055480957,0.05,0.2505459283527575,1.9478526362633408,False,,True
2ep_cpu,high,0.05,0.0,2,cpu,2,16.000476504655083,ticket,0.8441,0.8424083041564266,0.8440999999999999,0.8425113881325453,0.9840624222222223,0.031152140349149704,15.659209251403809,0.05,0.2060422269921554,1.2786967427893543,False,0.19567397221028507,True
2ep_cpu,high,0.05,0.0,2,cpu,2,16.000476504655083,reinit,0.7867,0.7913479040462553,0.7867,0.7871317890283475,0.972818,0.12420162558555603,16.87082290649414,0.05,0.2219845119275545,1.0665381578839994,False,,True
2ep_cpu,high,0.05,0.0,2,cpu,3,6.400282237372627,ticket,0.853,0.8512940184224046,0.8530000000000001,0.8512961931115137,0.9851463333333333,0.18168318271636963,8.910274505615234,0.05,0.11724045402125309,1.0008330365125864,False,0.23603151862464183,True
2ep_cpu,high,0.05,0.0,2,cpu,3,6.400282237372627,reinit,0.7173,0.712285089740667,0.7173,0.7090226452423811,0.9591161388888889,0.1213638186454773,0.0712244063615799,0.05,0.0009371632415997355,1.0056250039515262,False,,True
2ep_cpu,high,0.05,0.0,2,cpu,4,2.560296165970237,ticket,0.8414,0.8407684785361015,0.8413999999999999,0.8399011259754247,0.9843087333333334,0.1299792155623436,7.7412004470825195,0.05,0.10185790061950685,1.0022041886848603,False,0.20269058295964126,True
2ep_cpu,high,0.05,0.0,2,cpu,4,2.560296165970237,reinit,0.1,0.01000100010001,0.1,0.018183471224656786,0.6546860222222222,0.11591684818267822,0.11277197301387787,0.05,0.0014838417501826036,1.0079601966306035,False,,False
2ep_cpu,high,0.05,0.0,2,cpu,5,1.0244850084304669,ticket,0.8368,0.8356970500546744,0.8368,0.8360563387994105,0.9823404555555555,0.12089913338422775,12.71129035949707,0.05,0.1672538205196983,1.0035614562214428,False,0.2292134831460674,True
2ep_cpu,high,0.05,0.0,2,cpu,5,1.0244850084304669,reinit,0.1,0.01,0.1,0.01818181818181818,0.3885412777777778,0.11202223598957062,0.10411669313907623,0.05,0.0013699564886720558,1.0039656084546744,False,,False
2ep_cpu,high_warm,0.05,0.5,2,cpu,0,100.0,ticket,0.8106,0.8096875942297228,0.8106,0.8092219011737691,0.977831311111111,0.8445500731468201,21.374839782714844,0.05,0.2812478918778269,1.659603593721251,False,0.3489506964809384,True
2ep_cpu,high_warm,0.05,0.5,2,cpu,1,40.00027490653178,ticket,0.803,0.7959731017001399,0.8030000000000002,0.79430407911443,0.9740312111111111,0.2553269788622856,17.390615463256836,0.05,0.2288238876744321,1.2092895257314673,False,0.3409702732115241,True
2ep_cpu,high_warm,0.05,0.5,2,cpu,1,40.00027490653178,reinit,0.7418,0.7283739016268356,0.7418,0.7291722128832396,0.9645382000000001,0.19685690104961395,3.5405943393707275,0.05,0.04658676762329905,1.5317317315043395,False,,True
2ep_cpu,high_warm,0.05,0.5,2,cpu,2,16.000476504655083,ticket,0.8262,0.824043741683815,0.8262,0.8234752461711377,0.9803451833333334,0.1976291835308075,21.16433334350586,0.05,0.2784780703092877,1.0915643222236207,False,0.19578917215697508,True
2ep_cpu,high_warm,0.05,0.5,2,cpu,2,16.000476504655083,reinit,0.6992,0.6850816449457824,0.6992,0.6852241292051567,0.9542590722222222,0.12819325923919678,0.05457735061645508,0.05,0.0007181230344270406,1.6108521686182495,False,,True
2ep_cpu,high_warm,0.05,0.5,2,cpu,3,6.400282237372627,ticket,0.8299,0.8294324873795421,0.8299,0.8270823841674924,0.9811879666666667,0.12704981863498688,15.02376937866211,0.05,0.19768117603502777,1.0,False,0.24068767908309455,True
2ep_cpu,high_warm,0.05,0.5,2,cpu,3,6.400282237372627,reinit,0.1869,0.10447383170220662,0.1869,0.11919223354169764,0.7958218777777777,0.11716936528682709,0.10877146571874619,0.05,0.001431203496299292,1.0037384943659493,False,,False
2ep_cpu,high_warm,0.05,0.5,2,cpu,4,2.560296165970237,ticket,0.8334,0.8310864472931069,0.8333999999999999,0.8299121582264559,0.9816123333333333,0.12288497388362885,9.073365211486816,0.05,0.11938638436166865,1.0027110948400941,False,0.18100358422939067,True
2ep_cpu,high_warm,0.05,0.5,2,cpu,4,2.560296165970237,reinit,0.1,0.01,0.1,0.01818181818181818,0.6195806222222223,0.11594691872596741,0.10598564147949219,0.05,0.001394547914203845,1.0045182344958319,False,,False
2ep_cpu,high_warm,0.05,0.5,2,cpu,5,1.0244850084304669,ticket,0.8226,0.8198731189528046,0.8225999999999999,0.8183523818620342,0.979151011111111,0.11724857240915298,31.478612899780273,0.05,0.4141922749971089,1.0007736079995142,False,0.20224719101123595,True
2ep_cpu,high_warm,0.05,0.5,2,cpu,5,1.0244850084304669,reinit,0.1,0.01,0.1,0.01818181818181818,0.5312378888888889,0.10780250281095505,0.10532131046056747,0.05,0.0013858067165864144,1.0029611310231263,False,,False
4ep_cpu,low,0.01,0.0,4,cpu,0,100.0,ticket,0.8626,0.8636306400686244,0.8625999999999999,0.8629914498597605,0.9877200111111112,0.8445489406585693,118.73350524902344,0.01,0.312456592760588,1.3079441574441213,False,0.6425723973607038,True
4ep_cpu,low,0.01,0.0,4,cpu,1,50.0,ticket,0.8716,0.8725393927351254,0.8715999999999999,0.8716708497152625,0.9889746777777777,0.836599588394165,57.5716438293457,0.01,0.15150432586669924,1.0005485165454473,False,0.380120978828705,True
4ep_cpu,low,0.01,0.0,4,cpu,1,50.0,reinit,0.8571,0.856842739842196,0.8571,0.8569156155572758,0.9858777222222221,0.24271522462368011,0.2171972393989563,0.01,0.0005715716826288325,1.0791215438640962,False,,True
4ep_cpu,low,0.01,0.0,4,cpu,2,25.0,ticket,0.8772,0.8765217993239733,0.8772,0.8766604683930221,0.9897714333333333,0.7955998182296753,67.80791473388672,0.01,0.17844188087864926,1.0022543614788637,False,0.23971033091942434,True
4ep_cpu,low,0.01,0.0,4,cpu,2,25.0,reinit,0.8446,0.8431420953784258,0.8446,0.8426298898239132,0.983146211111111,0.17733751237392426,0.06217221915721893,0.01,0.00016361110304531298,1.002052211383354,False,,True
4ep_cpu,low,0.01,0.0,4,cpu,3,12.5,ticket,0.879,0.8803937194956178,0.8790000000000001,0.879404437868935,0.9901430944444446,0.5772379040718079,40.120269775390625,0.01,0.10557965730365955,1.0028106267977108,False,0.2600403447643499,True
4ep_cpu,low,0.01,0.0,4,cpu,3,12.5,reinit,0.8402,0.8401737600343431,0.8402,0.839987835422243,0.9830299555555555,0.044511593878269196,0.12526708841323853,0.01,0.00032965023266641724,1.0057683920445155,False,,True
4ep_cpu,low,0.01,0.0,4,cpu,4,6.25,ticket,0.8782,0.8781499122639399,0.8782,0.8780124415144279,0.98994795,0.2843293845653534,65.71068572998047,0.01,0.17292285718415915,1.0,False,0.2765957446808511,True
4ep_cpu,low,0.01,0.0,4,cpu,4,6.25,reinit,0.1897,0.14475329004534587,0.1897,0.11410361489345053,0.8462642944444443,0.1254410594701767,0.11653728783130646,0.01,0.0003066770732402802,1.0036129875988715,False,,False
4ep_cpu,low,0.01,0.0,4,cpu,5,3.125229088776483,ticket,0.8737,0.8729222627890388,0.8737,0.8730035190190775,0.9892219222222224,0.15718919038772583,69.00691986083984,0.01,0.18159715752852593,1.0005711240828425,False,0.23348017621145375,True
4ep_cpu,low,0.01,0.0,4,cpu,5,3.125229088776483,reinit,0.1,0.01,0.1,0.01818181818181818,0.7718253944444443,0.1146150752902031,0.11367776244878769,0.01,0.0002991520064441781,1.0031679519693597,False,,False
4ep_cpu,low,0.01,0.0,4,cpu,6,1.562843633164724,ticket,0.8666,0.8659423085875266,0.8666,0.8660430579167159,0.9877695000000001,0.15119114518165588,0.25999218225479126,0.01,0.0006841899533020823,1.003917389067468,False,0.2011747430249633,True
4ep_cpu,low,0.01,0.0,4,cpu,6,1.562843633164724,reinit,0.1,0.01,0.1,0.01818181818181818,0.5837165999999999,0.11377833038568497,0.11008039116859436,0.01,0.0002896852399173536,1.003704250825286,False,,False
4ep_cpu,high,0.1,0.0,4,cpu,0,100.0,ticket,0.8709,0.8706369570599488,0.8709,0.8706761597239041,0.9887613,0.8445489406585693,10.792309761047363,0.1,0.28400815160650955,2.98568260640005,False,0.23162573313782991,True
4ep_cpu,high,0.1,0.0,4,cpu,1,50.0,ticket,0.8596,0.8622078143452198,0.8596,0.8601828751683511,0.9874479500000002,0.27407774329185486,15.958494186401367,0.1,0.41996037332635183,6.340348854060864,False,0.22246151026392963,True
4ep_cpu,high,0.1,0.0,4,cpu,1,50.0,reinit,0.9004,0.8995922965524317,0.9004,0.8995538103596414,0.9929617666666666,0.3173205256462097,6.651463985443115,0.1,0.17503852593271357,1.2724392752810487,False,,True
4ep_cpu,high,0.1,0.0,4,cpu,2,25.0,ticket,,,,,,0.02375175431370735,,0.1,,27609612138.711292,True,0.21714023831347387,False
4ep_cpu,high,0.1,0.0,4,cpu,2,25.0,reinit,0.8693,0.871779521582862,0.8693,0.8700644967827514,0.9888009444444444,0.08411459624767303,10.30142593383789,0.1,0.27109015615362875,1.7573531664446214,False,,True
4ep_cpu,high,0.1,0.0,4,cpu,3,12.5,ticket,0.8568,0.8559667456816766,0.8568,0.8537980982354135,0.9864457555555555,0.12040597200393677,38.28635787963867,0.1,1.007535733674702,2.280199526826928,False,0.19798350137488543,True
4ep_cpu,high,0.1,0.0,4,cpu,3,12.5,reinit,0.8625,0.8633327178009861,0.8625,0.8622343734507373,0.9874695555555555,0.12928460538387299,14.190812110900879,0.1,0.3734424239710758,1.4205654602050148,False,,True
4ep_cpu,high,0.1,0.0,4,cpu,4,6.25,ticket,0.86,0.8593058888618753,0.86,0.8592861592029625,0.9871580888888889,0.1164361983537674,28.99640655517578,0.1,0.7630633303993627,1.3022488706191782,False,0.20110091743119266,True
4ep_cpu,high,0.1,0.0,4,cpu,4,6.25,reinit,0.8792,0.8801203700243511,0.8792,0.8794364189756696,0.9897132999999998,0.12154257297515869,0.10574287921190262,0.1,0.0027827073476816484,1.0251144210282004,False,,True
4ep_cpu,high,0.1,0.0,4,cpu,5,3.125229088776483,ticket,0.8468,0.8506989899455721,0.8468,0.8481663077373842,0.9849737666666666,0.1240679919719696,14.511771202087402,0.1,0.38188871584440537,1.5367822219053537,False,0.1866274797942689,True
4ep_cpu,high,0.1,0.0,4,cpu,5,3.125229088776483,reinit,0.8187,0.8195271556065677,0.8187,0.8187958151478991,0.9789563777777778,0.11442195624113083,0.10704547166824341,0.1,0.0028169860965327215,1.0064049146955183,False,,True
4ep_cpu,high,0.1,0.0,4,cpu,6,1.562843633164724,ticket,0.8473,0.8475993628312049,0.8473,0.8472625396684984,0.984221,0.1168554425239563,27.846662521362305,0.1,0.7328069084569029,1.6785791336499687,False,0.17378497790868924,True
4ep_cpu,high,0.1,0.0,4,cpu,6,1.562843633164724,reinit,0.1,0.01,0.1,0.01818181818181818,0.5961758333333332,0.1116897240281105,0.10525267571210861,0.1,0.0027698072555818057,1.008070779907191,False,,False
4ep_cpu,high_warm,0.1,1.0,4,cpu,0,100.0,ticket,0.8985,0.899311215805716,0.8985000000000001,0.8987516699253634,0.9927335111111111,0.8445489406585693,40.95433044433594,0.04255319148936171,0.45861512255695347,1.2444609857857194,False,0.30805535190615835,True
4ep_cpu,high_warm,0.1,1.0,4,cpu,1,50.0,ticket,0.9016,0.90159158349205,0.9016,0.9011748378377353,0.9926653333333334,0.33228909969329834,21.1374568939209,0.04255319148936171,0.2367016449487223,1.5913741591905908,False,0.18091004903083902,True
4ep_cpu,high_warm,0.1,1.0,4,cpu,1,50.0,reinit,0.89,0.888910898437533,0.89,0.8890813065820756,0.9915039777777777,0.30343759059906006,9.277167320251465,0.04255319148936171,0.10388765196250242,2.892004347996725,False,,True
4ep_cpu,high_warm,0.1,1.0,4,cpu,2,25.0,ticket,0.902,0.9011159877815309,0.9019999999999999,0.9011729420340047,0.9931596555555554,0.17766602337360382,18.70374298095703,0.04255319148936171,0.2094484096411762,1.1377613493644851,False,0.15737855178735105,True
4ep_cpu,high_warm,0.1,1.0,4,cpu,2,25.0,reinit,0.8797,0.8799956933980317,0.8797,0.879311998598775,0.9894034333333334,0.07397472858428955,0.06550964713096619,0.04255319148936171,0.000733590673359084,2.1698189790319167,False,,True
4ep_cpu,high_warm,0.1,1.0,4,cpu,3,12.5,ticket,0.9042,0.9056925897329787,0.9042,0.9042888023682714,0.9930022111111112,0.14419738203287125,5.057677745819092,0.04255319148936171,0.05663692884455871,1.0044588914604078,False,0.19585549238951036,True
4ep_cpu,high_warm,0.1,1.0,4,cpu,3,12.5,reinit,0.8864,0.8855781390638311,0.8863999999999999,0.885525883514425,0.9908594666666668,0.1327495276927948,0.10751378536224365,0.04255319148936171,0.001203961762175181,1.4275876529880591,False,,True
4ep_cpu,high_warm,0.1,1.0,4,cpu,4,6.25,ticket,0.9021,0.9016031491394129,0.9021000000000001,0.9015142037164864,0.9929752444444444,0.13181283231824636,0.09799575805664062,0.04255319148936171,0.0010973769099287866,1.0758913474162488,False,0.22165137614678898,True
4ep_cpu,high_warm,0.1,1.0,4,cpu,4,6.25,reinit,0.8542,0.8539607627241761,0.8542,0.8538908754119253,0.9862599666666666,0.11654610931873322,0.11242355406284332,0.04255319148936171,0.0012589423747238896,1.0048881515181056,False,,True
4ep_cpu,high_warm,0.1,1.0,4,cpu,5,3.125229088776483,ticket,0.8974,0.8970037239808839,0.8974,0.8971774453133181,0.9924657666666665,0.11595848947763443,0.1131242886185646,0.04255319148936171,0.0012667893462325265,1.005232283991421,False,0.21292217327459617,True
4ep_cpu,high_warm,0.1,1.0,4,cpu,5,3.125229088776483,reinit,0.8205,0.8184568558086103,0.8205000000000002,0.8182643067123481,0.9801323111111111,0.11523610353469849,0.10834044963121414,0.04255319148936171,0.0012132189208422638,1.00734624156421,False,,True
4ep_cpu,high_warm,0.1,1.0,4,cpu,6,1.562843633164724,ticket,0.8861,0.8870109143281273,0.8861000000000001,0.8863090829713769,0.9907525222222221,0.11180476099252701,0.11144336313009262,0.04255319148936171,0.0012479659924982379,1.009426680497598,False,0.19264705882352942,True
4ep_cpu,high_warm,0.1,1.0,4,cpu,6,1.562843633164724,reinit,0.1,0.01,0.1,0.01818181818181818,0.7160766444444444,0.10773927718400955,0.101746566593647,0.04255319148936171,0.0011393792451696197,1.0061965600872675,False,,False
4ep_gpu,low,0.01,0.0,4,cuda,0,100.0,ticket,0.8663,0.865741028697891,0.8662999999999998,0.8651093459618542,0.9876674777777777,0.8161712288856506,83.87776184082031,0.01,0.22073095221268507,1.418498315782302,False,0.6150339076246334,True
4ep_gpu,low,0.01,0.0,4,cuda,1,50.0,ticket,0.8712,0.8708161107032906,0.8712,0.8707681037468072,0.9886781777777778,0.8597300052642822,61.59149169921875,0.01,0.16208287289268092,1.000977810319216,False,0.41416918705893135,True
4ep_gpu,low,0.01,0.0,4,cuda,1,50.0,reinit,0.8563,0.8554249922736605,0.8563000000000001,0.8548925927082507,0.9861486722222221,0.40435948967933655,229.37396240234375,0.01,0.6036156905324835,1.0006906404366667,False,,True
4ep_gpu,low,0.01,0.0,4,cuda,2,25.0,ticket,0.8777,0.8777445550860149,0.8776999999999999,0.8773651605210135,0.9894811777777777,0.8458430171012878,61.0223503112793,0.01,0.1605851323981034,1.0003699382010267,False,0.2393217231897342,True
4ep_gpu,low,0.01,0.0,4,cuda,2,25.0,reinit,0.8466,0.8448552467391186,0.8465999999999999,0.8445317692504049,0.9838657055555556,0.2711137384176254,0.3171885013580322,0.01,0.0008347065825211375,1.6381301048093486,False,,True
4ep_gpu,low,0.01,0.0,4,cuda,3,12.5,ticket,0.8797,0.8799375016300047,0.8797,0.8795587269291992,0.9900065,0.6310986280441284,74.35858917236328,0.01,0.19568049782200866,1.0014082357102552,False,0.25999266593326,True
4ep_gpu,low,0.01,0.0,4,cuda,3,12.5,reinit,0.8201,0.8161926193516846,0.8200999999999998,0.8156197581002859,0.9790481666666666,0.04155274108052254,0.10932900011539459,0.01,0.0002877078950405121,1.004649299253323,False,,True
4ep_gpu,low,0.01,0.0,4,cuda,4,6.25,ticket,0.8789,0.8784033472400361,0.8789,0.8785409703925711,0.9898497666666668,0.34528881311416626,35.00300979614258,0.01,0.09211318367405943,1.0000407952607204,False,0.2812614594792813,True
4ep_gpu,low,0.01,0.0,4,cuda,4,6.25,reinit,0.7437,0.7343804629720101,0.7437,0.7341914989711568,0.9645584999999999,0.1169990599155426,0.11343438923358917,0.01,0.00029851155061470834,1.004545860783545,False,,True
4ep_gpu,low,0.01,0.0,4,cuda,5,3.125229088776483,ticket,0.87,0.8687242064986964,0.8699999999999999,0.8681702932876079,0.9888149777777777,0.244426429271698,91.05966186523438,0.01,0.23963068911903784,1.0030604816932056,False,0.2261380323054332,True
4ep_gpu,low,0.01,0.0,4,cuda,5,3.125229088776483,reinit,0.1002,0.011310132854346797,0.1002,0.018819011810572706,0.7896617611111112,0.11668086796998978,0.10975684225559235,0.01,0.0002888337954094536,1.00754593832899,False,,False
4ep_gpu,low,0.01,0.0,4,cuda,6,1.562843633164724,ticket,0.8663,0.8651429737936335,0.8663000000000001,0.8652344674040773,0.9877168666666666,0.15541529655456543,0.38865095376968384,0.01,0.0010227656678149575,1.0021402613485486,False,0.18088235294117647,True
4ep_gpu,low,0.01,0.0,4,cuda,6,1.562843633164724,reinit,0.1,0.01,0.1,0.01818181818181818,0.6038676166666666,0.11452168226242065,0.10587630420923233,0.01,0.0002786218531821903,1.0075676799360314,False,,False
4ep_gpu,high,0.1,0.0,4,cuda,0,100.0,ticket,0.1,0.01,0.1,0.01818181818181818,0.5,0.8161712288856506,0.28129225969314575,0.1,0.0074024278866617315,13.34265277449445,False,0.2218658357771261,False
4ep_gpu,high,0.1,0.0,4,cuda,1,50.0,ticket,0.8663,0.8664324002818897,0.8662999999999998,0.8657589714217394,0.9884151444444444,0.2905813753604889,1.4921880960464478,0.1,0.039268107790696,1.9229532415708552,False,0.2057368035190616,True
4ep_gpu,high,0.1,0.0,4,cuda,1,50.0,reinit,0.1,0.01,0.1,0.01818181818181818,0.5,0.4834166616201401,0.47995173931121826,0.1,0.012630308929242587,29.24405849732237,False,,False
4ep_gpu,high,0.1,0.0,4,cuda,2,25.0,ticket,0.1,0.01,0.1,0.01818181818181818,0.5,0.10026336461305618,0.10513193905353546,0.1,0.0027666299750930385,11.615713206038818,False,0.1673693858845096,False
4ep_gpu,high,0.1,0.0,4,cuda,2,25.0,reinit,0.8637,0.8632710910575311,0.8637,0.8626689074457208,0.9879653111111111,0.1287817806005478,31.956636428833008,0.1,0.8409641165482371,2.6125618592111572,False,,True
4ep_gpu,high,0.1,0.0,4,cuda,3,12.5,ticket,0.857,0.8556008499940351,0.857,0.8551562460632777,0.9863945833333332,0.12409448623657227,19.153444290161133,0.1,0.5040380076358194,2.6753239865107745,False,0.16721672167216722,True
4ep_gpu,high,0.1,0.0,4,cuda,3,12.5,reinit,0.8607,0.8604759284504274,0.8606999999999999,0.8603304159361054,0.9868482000000001,0.11514738202095032,23.922025680541992,0.1,0.6295269915932103,2.9855124693522246,False,,True
4ep_gpu,high,0.1,0.0,4,cuda,4,6.25,ticket,0.8786,0.8797074670909172,0.8785999999999999,0.8786986588929704,0.9898658444444445,0.1269766390323639,10.556437492370605,0.1,0.27780098664133174,1.09344162765227,False,0.18048422597212033,True
4ep_gpu,high,0.1,0.0,4,cuda,4,6.25,reinit,0.8506,0.8487537768416484,0.8506,0.8476146815533119,0.9847861444444443,0.11456356197595596,0.11462736129760742,0.1,0.0030165095078317746,1.606705131821274,False,,True
4ep_gpu,high,0.1,0.0,4,cuda,5,3.125229088776483,ticket,0.8508,0.8490792639019344,0.8508000000000001,0.8474656876773411,0.9849349500000001,0.12315573543310165,1.474449634552002,0.1,0.038801306172421106,1.4641919749537684,False,0.14768552534900808,True
4ep_gpu,high,0.1,0.0,4,cuda,5,3.125229088776483,reinit,0.8391,0.8375167183586681,0.8391,0.8379443066982191,0.9831743111111111,0.11630702018737793,0.10602906346321106,0.1,0.002790238512189765,1.009691465257346,False,,True
4ep_gpu,high,0.1,0.0,4,cuda,6,1.562843633164724,ticket,0.8389,0.8386558321604655,0.8389000000000001,0.8383584345779811,0.9826416000000002,0.11335179954767227,0.11095842719078064,0.1,0.0029199586102837015,1.9769858564433138,False,0.1723122238586156,True
4ep_gpu,high,0.1,0.0,4,cuda,6,1.562843633164724,reinit,0.81,0.8062653609500046,0.8099999999999999,0.8071446795244942,0.978530188888889,0.12082771956920624,0.10829473286867142,0.1,0.002849861391280827,1.0088906770519197,False,,True
4ep_gpu,high_warm,0.1,1.0,4,cuda,0,100.0,ticket,0.8868,0.8868195759141141,0.8867999999999998,0.8856584838959058,0.9911887888888888,0.8161712288856506,48.174156188964844,0.04255319148936171,0.5394642350388001,2.57760150469857,False,0.2637463343108504,True
4ep_gpu,high_warm,0.1,1.0,4,cuda,1,50.0,ticket,0.8863,0.8861241955482267,0.8863,0.8859100754837914,0.9910276777777778,0.21460466086864471,0.4608762264251709,0.04255319148936171,0.005160987977885454,2.01884141060465,False,0.21504834349081245,True
4ep_gpu,high_warm,0.1,1.0,4,cuda,1,50.0,reinit,0.89,0.889389995827171,0.89,0.8894116227346599,0.9916925333333333,0.24206320941448212,33.94856643676758,0.04255319148936171,0.3801631179929181,2.071586756646625,False,,True
4ep_gpu,high_warm,0.1,1.0,4,cuda,2,25.0,ticket,0.888,0.887993048656343,0.8879999999999999,0.8874824268336091,0.9912239222222222,0.010480780154466629,12.790335655212402,0.04255319148936171,0.14322884272354316,1.7162328380109337,False,0.16535288725939504,True
4ep_gpu,high_warm,0.1,1.0,4,cuda,2,25.0,reinit,0.8896,0.8894111537962246,0.8896000000000001,0.8892168238027031,0.9912896333333332,0.0948469266295433,0.01859254390001297,0.04255319148936171,0.00020820317917147785,1.8319548131353884,False,,True
4ep_gpu,high_warm,0.1,1.0,4,cuda,3,12.5,ticket,0.8933,0.8933300580390406,0.8933,0.8930673809560619,0.9918403111111112,0.11998359113931656,0.11198818683624268,0.04255319148936171,0.001254067041839224,1.112907769136491,False,0.14704803813714704,True
4ep_gpu,high_warm,0.1,1.0,4,cuda,3,12.5,reinit,0.8735,0.8726727298583041,0.8734999999999999,0.8727986784822969,0.9892379222222221,0.12160517275333405,0.10599558055400848,0.04255319148936171,0.0011869605885107336,1.4927680353035642,False,,True
4ep_gpu,high_warm,0.1,1.0,4,cuda,4,6.25,ticket,0.8903,0.8899571514621728,0.8902999999999999,0.8898269304666714,0.9914869555555554,0.1263369917869568,0.09756788611412048,0.04255319148936171,0.0010925855107964224,1.002345413968257,False,0.18005133846718005,True
4ep_gpu,high_warm,0.1,1.0,4,cuda,4,6.25,reinit,0.8701,0.8693099406901326,0.8701000000000001,0.8680596349577925,0.9888179555555556,0.11214028298854828,0.11009997129440308,0.04255319148936171,0.0012329224109115689,1.006219352248283,False,,True
4ep_gpu,high_warm,0.1,1.0,4,cuda,5,3.125229088776483,ticket,0.8825,0.8820168750102786,0.8825,0.8800579211909243,0.9901741777777777,0.1262883096933365,0.12262825667858124,0.04255319148936171,0.0013732167601184912,1.713357523184302,False,0.18869309838472834,True
4ep_gpu,high_warm,0.1,1.0,4,cuda,5,3.125229088776483,reinit,0.8473,0.8457313643274198,0.8472999999999999,0.8462041867554918,0.9844674,0.11217063665390015,0.1080104410648346,0.04255319148936171,0.0012095234161795588,1.008766058068832,False,,True
4ep_gpu,high_warm,0.1,1.0,4,cuda,6,1.562843633164724,ticket,0.8774,0.8770402570053586,0.8774,0.8769431197825786,0.9899904388888888,0.11392519623041153,0.11180179566144943,0.04255319148936171,0.0012519797946410913,1.00417114235613,False,0.18382352941176472,True
4ep_gpu,high_warm,0.1,1.0,4,cuda,6,1.562843633164724,reinit,0.1,0.01,0.1,0.01818181818181818,0.5329087944444445,0.11588597297668457,0.10609883069992065,0.04255319148936171,0.0011881168051502875,1.007540439541585,False,,False
