condition,network,seeds,acc,precision,recall,f1,auc
low,dense,1,0.8666,0.8671,0.8666,0.8667,0.9895
low,ticket 34.3%,1,0.8787,0.8789,0.8787,0.8786,0.9915
low,ticket 5.8%,1,0.8613,0.8609,0.8613,0.8609,0.9890
high,dense,1,0.8983,0.8978,0.8983,0.8980,0.9934
high,ticket 34.3%,1,0.8836,0.8834,0.8836,0.8834,0.9920
high,ticket 5.8%,1,0.8272,0.8264,0.8272,0.8265,0.9830
warm03,dense,1,0.8748,0.8746,0.8748,0.8746,0.9907
warm03,ticket 34.3%,1,0.8852,0.8850,0.8852,0.8849,0.9923
high_warm,dense,1,0.8946,0.8949,0.8946,0.8946,0.9932
