condition,seed,round,variant,nominal_remaining,remaining,mode,lr,warmup_iters,acc,precision,recall,f1,auc,val_acc,R01,R02,S0,max_S_train,max_S_3k,max_S,loss_spike,diverged,diverged_step,trained,wall_s
high,0,0,ticket,1.0,1.0,plain,0.1,0,0.8983,0.8977742354585766,0.8983000000000001,0.8979546703832787,0.9934135,0.902,0.14715107161526397,0.24709725592682472,0.669993116389254,0.2259810913725438,0.669993116389254,0.669993116389254,1.1898944892584433,False,,True,1466.322940826416
low,0,0,ticket,1.0,1.0,plain,0.01,0,0.8666,0.8670516982371017,0.8665999999999998,0.8666759209606386,0.9895482777777778,0.8724,0.5809872302292585,0.6404890797087922,0.0669993132483505,0.08129002778130734,0.08129002778130734,0.08129002778130734,1.0,False,,True,556.6277108192444
low,0,1,ticket,0.7,0.7008414823206726,plain,0.01,0,0.8743,0.8742793910649432,0.8743000000000001,0.8742091010424792,0.9909561333333332,0.8802,0.5234870701146361,0.5836443117603156,0.08312820857698228,0.14771135185973286,0.14771135185973286,0.14771135185973286,1.0,False,,True,558.0539660453796
low,0,2,reinit,0.48999999999999994,0.49137275654403434,plain,0.01,0,0.8578,0.8571685370955013,0.8578000000000001,0.8571986834564511,0.988204388888889,0.8638,0.48294762484774667,0.5504433535030635,0.08355692153389298,0.0751505209546687,0.08355692153389298,0.08355692153389298,1.0,False,,True,559.5931935310364
low,0,2,ticket,0.48999999999999994,0.49137275654403434,plain,0.01,0,0.8785,0.8784192531794108,0.8785000000000001,0.8783676112265664,0.9915087777777778,0.8774,0.4673416565164434,0.5249838261597595,0.053481854191742804,0.08469883904697001,0.08469883904697001,0.08469883904697001,1.0,False,,True,550.7129874229431
low,0,3,ticket,0.3429999999999999,0.34470216445053964,plain,0.01,0,0.8787,0.878851258385524,0.8786999999999999,0.8786246790591301,0.9915225111111111,0.8762,0.3999565028273162,0.46533362312540755,0.045520678679952194,0.08670013658664553,0.08670013658664553,0.08670013658664553,1.0,False,,True,1499.5705354213715
smoke,0,0,ticket,1.0,1.0,plain,0.1,0,0.4227,0.4209057498280798,0.4227,0.4110617330918746,0.8583104222222222,0.4124,0.7638712568142783,0.7968452492066455,0.6699931972097876,0.5944931058811757,0.6699931972097876,0.6699931972097876,1.1835766783376465,False,,True,137.87844157218933
smoke,0,1,reinit,0.7,0.7008414823206726,plain,0.1,0,0.4898,0.4852099828841392,0.48979999999999996,0.48238545954879086,0.8858022888888888,0.4896,0.7362584635069575,0.7786572852535913,1.0169693180104216,0.23372686723735356,1.0169693180104216,1.0169693180104216,1.1278710937807876,False,,True,132.89897656440735
smoke,0,1,ticket,0.7,0.7008414823206726,plain,0.1,0,0.4654,0.46321689332299315,0.4654,0.4606324858581979,0.8775125111111111,0.4624,0.7690462227435091,0.803576663734975,0.3153052385884396,0.30004988908031355,0.3153052385884396,0.3153052385884396,1.0,False,,True,132.92795038223267
smoke,0,2,reinit,0.48999999999999994,0.49137275654403434,plain,0.1,0,0.5461,0.5430630649647374,0.5461,0.5396548378974757,0.9054936666666666,0.5448,0.6892797319932998,0.7302964569775849,0.6606368524460451,0.3845036884824341,0.6606368524460451,0.6606368524460451,1.0,False,,True,133.0639820098877
smoke,0,2,shuffle,0.48999999999999994,0.49137275654403434,plain,0.1,0,0.4907,0.4851232390615749,0.4907,0.4813532649097036,0.8896864555555555,0.488,0.6903456677326024,0.7266811279826464,0.730352289508275,0.24313976542339047,0.730352289508275,0.730352289508275,1.0,False,,True,133.02562403678894
smoke,0,2,ticket,0.48999999999999994,0.49137275654403434,plain,0.1,0,0.5131,0.5110005414039717,0.5131,0.509206150181946,0.8984185666666666,0.5196,0.7511801431399421,0.7763062754500133,0.49217875205808403,0.22114338041943607,0.49217875205808403,0.49217875205808403,1.0,False,,True,133.1266438961029
warm03,0,0,ticket,1.0,1.0,warmup,0.03,10000,0.8748,0.8746131165372926,0.8747999999999999,0.8745791837973902,0.9907089111111113,0.8792,0.48618475095213204,0.5582228859436251,2.0099723796513113e-05,0.08326236113957937,0.08326236113957937,0.08326236113957937,1.0176910258140162,False,,True,1494.425975561142
